first_name,last_name,email,password,username
Elysee,Fochs,efochs0@rakuten.co.jp,DbKso0w,efochs0
Haywood,Stefanovic,hstefanovic1@vkontakte.ru,fbMOd1eEtY,hstefanovic1
Betteann,Vargas,bvargas2@gov.uk,qxPhkNOAgCHZ,bvargas2
Ramonda,Sturrock,rsturrock3@netlog.com,fqS3NuOr,rsturrock3
Joshuah,Reedshaw,jreedshaw4@privacy.gov.au,doJhNOisCvI,jreedshaw4
Amye,Orman,aorman5@histats.com,1um8ONVydZ3,aorman5
Gabbey,Tabourin,gtabourin6@parallels.com,SJOQ40BxvkZ,gtabourin6
Engracia,Spaice,espaice7@pen.io,PFf31EQlIkWg,espaice7
Brit,Petrovsky,bpetrovsky8@webs.com,rVSXAuoPCf,bpetrovsky8
Dag,Finlow,dfinlow9@bravesites.com,r47j1aEidLH,dfinlow9
Fred,Flintstone,cobble@stone.com,Rock321,NoWindows

